filename,path,label
landing_pad_01.jpg,dataset_raw/landing_pad/landing_pad_01.jpg,landing_pad
landing_pad_02.jpg,dataset_raw/landing_pad/landing_pad_02.jpg,landing_pad
landing_pad_03.jpg,dataset_raw/landing_pad/landing_pad_03.jpg,landing_pad
landing_pad_04.jpg,dataset_raw/landing_pad/landing_pad_04.jpg,landing_pad
landing_pad_05.jpg,dataset_raw/landing_pad/landing_pad_05.jpg,landing_pad
landing_pad_06.jpg,dataset_raw/landing_pad/landing_pad_06.jpg,landing_pad
landing_pad_07.jpg,dataset_raw/landing_pad/landing_pad_07.jpg,landing_pad
landing_pad_08.jpg,dataset_raw/landing_pad/landing_pad_08.jpg,landing_pad
landing_pad_09.jpg,dataset_raw/landing_pad/landing_pad_09.jpg,landing_pad
landing_pad_10.jpg,dataset_raw/landing_pad/landing_pad_10.jpg,landing_pad
landing_pad_11.jpg,dataset_raw/landing_pad/landing_pad_11.jpg,landing_pad
landing_pad_12.jpg,dataset_raw/landing_pad/landing_pad_12.jpg,landing_pad
landing_pad_13.jpg,dataset_raw/landing_pad/landing_pad_13.jpg,landing_pad
landing_pad_14.jpg,dataset_raw/landing_pad/landing_pad_14.jpg,landing_pad
landing_pad_15.jpg,dataset_raw/landing_pad/landing_pad_15.jpg,landing_pad
landing_pad_16.jpg,dataset_raw/landing_pad/landing_pad_16.jpg,landing_pad
landing_pad_17.jpg,dataset_raw/landing_pad/landing_pad_17.jpg,landing_pad
landing_pad_18.jpg,dataset_raw/landing_pad/landing_pad_18.jpg,landing_pad
landing_pad_19.jpg,dataset_raw/landing_pad/landing_pad_19.jpg,landing_pad
landing_pad_20.jpg,dataset_raw/landing_pad/landing_pad_20.jpg,landing_pad
landing_pad_21.jpg,dataset_raw/landing_pad/landing_pad_21.jpg,landing_pad
landing_pad_22.jpg,dataset_raw/landing_pad/landing_pad_22.jpg,landing_pad
landing_pad_23.jpg,dataset_raw/landing_pad/landing_pad_23.jpg,landing_pad
landing_pad_24.jpg,dataset_raw/landing_pad/landing_pad_24.jpg,landing_pad
landing_pad_25.jpg,dataset_raw/landing_pad/landing_pad_25.jpg,landing_pad
landing_pad_26.jpg,dataset_raw/landing_pad/landing_pad_26.jpg,landing_pad
landing_pad_27.jpg,dataset_raw/landing_pad/landing_pad_27.jpg,landing_pad
landing_pad_28.jpg,dataset_raw/landing_pad/landing_pad_28.jpg,landing_pad
landing_pad_29.jpg,dataset_raw/landing_pad/landing_pad_29.jpg,landing_pad
landing_pad_30.jpg,dataset_raw/landing_pad/landing_pad_30.jpg,landing_pad
landing_pad_31.jpg,dataset_raw/landing_pad/landing_pad_31.jpg,landing_pad
landing_pad_32.jpg,dataset_raw/landing_pad/landing_pad_32.jpg,landing_pad
landing_pad_33.jpg,dataset_raw/landing_pad/landing_pad_33.jpg,landing_pad
landing_pad_34.jpg,dataset_raw/landing_pad/landing_pad_34.jpg,landing_pad
landing_pad_35.jpg,dataset_raw/landing_pad/landing_pad_35.jpg,landing_pad
landing_pad_36.jpg,dataset_raw/landing_pad/landing_pad_36.jpg,landing_pad
landing_pad_37.jpg,dataset_raw/landing_pad/landing_pad_37.jpg,landing_pad
landing_pad_38.jpg,dataset_raw/landing_pad/landing_pad_38.jpg,landing_pad
landing_pad_39.jpg,dataset_raw/landing_pad/landing_pad_39.jpg,landing_pad
landing_pad_40.jpg,dataset_raw/landing_pad/landing_pad_40.jpg,landing_pad
landing_pad_41.jpg,dataset_raw/landing_pad/landing_pad_41.jpg,landing_pad
landing_pad_42.jpg,dataset_raw/landing_pad/landing_pad_42.jpg,landing_pad
landing_pad_43.jpg,dataset_raw/landing_pad/landing_pad_43.jpg,landing_pad
landing_pad_44.jpg,dataset_raw/landing_pad/landing_pad_44.jpg,landing_pad
landing_pad_45.jpg,dataset_raw/landing_pad/landing_pad_45.jpg,landing_pad
landing_pad_46.jpg,dataset_raw/landing_pad/landing_pad_46.jpg,landing_pad
landing_pad_47.jpg,dataset_raw/landing_pad/landing_pad_47.jpg,landing_pad
landing_pad_48.jpg,dataset_raw/landing_pad/landing_pad_48.jpg,landing_pad
landing_pad_49.jpg,dataset_raw/landing_pad/landing_pad_49.jpg,landing_pad
landing_pad_50.jpg,dataset_raw/landing_pad/landing_pad_50.jpg,landing_pad

not_landing_pad_01.jpg,dataset_raw/not_landing_pad/not_landing_pad_01.jpg,not_landing_pad
not_landing_pad_02.jpg,dataset_raw/not_landing_pad/not_landing_pad_02.jpg,not_landing_pad
not_landing_pad_03.jpg,dataset_raw/not_landing_pad/not_landing_pad_03.jpg,not_landing_pad
not_landing_pad_04.jpg,dataset_raw/not_landing_pad/not_landing_pad_04.jpg,not_landing_pad
not_landing_pad_05.jpg,dataset_raw/not_landing_pad/not_landing_pad_05.jpg,not_landing_pad
not_landing_pad_06.jpg,dataset_raw/not_landing_pad/not_landing_pad_06.jpg,not_landing_pad
not_landing_pad_07.jpg,dataset_raw/not_landing_pad/not_landing_pad_07.jpg,not_landing_pad
not_landing_pad_08.jpg,dataset_raw/not_landing_pad/not_landing_pad_08.jpg,not_landing_pad
not_landing_pad_09.jpg,dataset_raw/not_landing_pad/not_landing_pad_09.jpg,not_landing_pad
not_landing_pad_10.jpg,dataset_raw/not_landing_pad/not_landing_pad_10.jpg,not_landing_pad
not_landing_pad_11.jpg,dataset_raw/not_landing_pad/not_landing_pad_11.jpg,not_landing_pad
not_landing_pad_12.jpg,dataset_raw/not_landing_pad/not_landing_pad_12.jpg,not_landing_pad
not_landing_pad_13.jpg,dataset_raw/not_landing_pad/not_landing_pad_13.jpg,not_landing_pad
not_landing_pad_14.jpg,dataset_raw/not_landing_pad/not_landing_pad_14.jpg,not_landing_pad
not_landing_pad_15.jpg,dataset_raw/not_landing_pad/not_landing_pad_15.jpg,not_landing_pad
not_landing_pad_16.jpg,dataset_raw/not_landing_pad/not_landing_pad_16.jpg,not_landing_pad
not_landing_pad_17.jpg,dataset_raw/not_landing_pad/not_landing_pad_17.jpg,not_landing_pad
not_landing_pad_18.jpg,dataset_raw/not_landing_pad/not_landing_pad_18.jpg,not_landing_pad
not_landing_pad_19.jpg,dataset_raw/not_landing_pad/not_landing_pad_19.jpg,not_landing_pad
not_landing_pad_20.jpg,dataset_raw/not_landing_pad/not_landing_pad_20.jpg,not_landing_pad
not_landing_pad_21.jpg,dataset_raw/not_landing_pad/not_landing_pad_21.jpg,not_landing_pad
not_landing_pad_22.jpg,dataset_raw/not_landing_pad/not_landing_pad_22.jpg,not_landing_pad
not_landing_pad_23.jpg,dataset_raw/not_landing_pad/not_landing_pad_23.jpg,not_landing_pad
not_landing_pad_24.jpg,dataset_raw/not_landing_pad/not_landing_pad_24.jpg,not_landing_pad
not_landing_pad_25.jpg,dataset_raw/not_landing_pad/not_landing_pad_25.jpg,not_landing_pad
not_landing_pad_26.jpg,dataset_raw/not_landing_pad/not_landing_pad_26.jpg,not_landing_pad
not_landing_pad_27.jpg,dataset_raw/not_landing_pad/not_landing_pad_27.jpg,not_landing_pad
not_landing_pad_28.jpg,dataset_raw/not_landing_pad/not_landing_pad_28.jpg,not_landing_pad
not_landing_pad_29.jpg,dataset_raw/not_landing_pad/not_landing_pad_29.jpg,not_landing_pad
not_landing_pad_30.jpg,dataset_raw/not_landing_pad/not_landing_pad_30.jpg,not_landing_pad
not_landing_pad_31.jpg,dataset_raw/not_landing_pad/not_landing_pad_31.jpg,not_landing_pad
not_landing_pad_32.jpg,dataset_raw/not_landing_pad/not_landing_pad_32.jpg,not_landing_pad
not_landing_pad_33.jpg,dataset_raw/not_landing_pad/not_landing_pad_33.jpg,not_landing_pad
not_landing_pad_34.jpg,dataset_raw/not_landing_pad/not_landing_pad_34.jpg,not_landing_pad
not_landing_pad_35.jpg,dataset_raw/not_landing_pad/not_landing_pad_35.jpg,not_landing_pad
not_landing_pad_36.jpg,dataset_raw/not_landing_pad/not_landing_pad_36.jpg,not_landing_pad
not_landing_pad_37.jpg,dataset_raw/not_landing_pad/not_landing_pad_37.jpg,not_landing_pad
not_landing_pad_38.jpg,dataset_raw/not_landing_pad/not_landing_pad_38.jpg,not_landing_pad
not_landing_pad_39.jpg,dataset_raw/not_landing_pad/not_landing_pad_39.jpg,not_landing_pad
not_landing_pad_40.jpg,dataset_raw/not_landing_pad/not_landing_pad_40.jpg,not_landing_pad
not_landing_pad_41.jpg,dataset_raw/not_landing_pad/not_landing_pad_41.jpg,not_landing_pad
not_landing_pad_42.jpg,dataset_raw/not_landing_pad/not_landing_pad_42.jpg,not_landing_pad
not_landing_pad_43.jpg,dataset_raw/not_landing_pad/not_landing_pad_43.jpg,not_landing_pad
not_landing_pad_44.jpg,dataset_raw/not_landing_pad/not_landing_pad_44.jpg,not_landing_pad
not_landing_pad_45.jpg,dataset_raw/not_landing_pad/not_landing_pad_45.jpg,not_landing_pad
not_landing_pad_46.jpg,dataset_raw/not_landing_pad/not_landing_pad_46.jpg,not_landing_pad
not_landing_pad_47.jpg,dataset_raw/not_landing_pad/not_landing_pad_47.jpg,not_landing_pad
not_landing_pad_48.jpg,dataset_raw/not_landing_pad/not_landing_pad_48.jpg,not_landing_pad
not_landing_pad_49.jpg,dataset_raw/not_landing_pad/not_landing_pad_49.jpg,not_landing_pad
not_landing_pad_50.jpg,dataset_raw/not_landing_pad/not_landing_pad_50.jpg,not_landing_pad
